{"cameraMode":{"drawMode":0,"name":"Shaded","section":"Shading Mode"},"sceneLighting":true,"audioPlay":false,"sceneViewState":{"m_AlwaysRefresh":false,"showFog":true,"showSkybox":true,"showFlares":true,"showImageEffects":true,"showParticleSystems":true,"showVisualEffectGraphs":true,"m_FxEnabled":true},"in2DMode":false,"pivot":{"x":0.7152367830276489,"y":-1.6238689422607422,"z":11.075250625610352},"rotation":{"x":-0.2012782096862793,"y":-0.03823574632406235,"z":0.007833560928702355,"w":-0.9788036942481995},"size":11.802289962768555,"orthographic":false}